login,full_name,created_at,stargazers_count,watchers_count,language,has_projects,has_wiki,license_name
peng-zhihui,peng-zhihui/XUAN,2021-06-05T23:03:09Z,5442,5442,,True,True,
ruanyf,ruanyf/wp-twitter-tools,2012-10-19T09:51:11Z,3,3,PHP,True,True,
phodal,phodal/entry,2019-07-07T05:18:09Z,1,1,CSS,True,True,
liyupi,liyupi/yuzi-generator,2023-11-02T13:32:10Z,495,495,Java,True,True,
stormzhang,stormzhang/stormzhang.github.com,2013-10-20T13:52:58Z,1138,1138,CSS,True,True,
Ovilia,Ovilia/wordcloud2.js,2021-12-20T06:23:07Z,3,3,JavaScript,True,False,MIT License
astaxie,astaxie/yo,2016-08-12T12:48:11Z,1,1,,True,True,Apache License 2.0
bailicangdu,bailicangdu/zoe,2020-03-24T08:28:50Z,2,2,,True,True,
PanJiaChen,PanJiaChen/You-Dont-Know-JS,2016-02-04T08:41:38Z,1,1,JavaScript,True,True,Other
YunaiV,YunaiV/zdal,2017-07-26T08:35:46Z,11,11,Java,True,True,
sofish,sofish/writedown,2013-04-03T16:13:29Z,28,28,JavaScript,True,True,Other
dyc87112,dyc87112/wxcloudrun-springboot-demo,2022-01-19T09:58:12Z,0,0,Java,True,True,MIT License
skyzh,skyzh/terarkdb,2021-07-01T07:52:12Z,0,0,,True,True,Apache License 2.0
nihui,nihui/netron,2020-03-25T03:13:17Z,8,8,JavaScript,True,True,MIT License
oldratlee,oldratlee/ziglings-exercises,2024-10-29T03:47:16Z,0,0,Zig,False,False,MIT License
xufei,xufei/xufei.github.io,2013-06-02T12:27:57Z,17,17,HTML,True,False,
amusi,amusi/gluon-tutorials-zh,2017-09-05T04:08:08Z,0,0,Python,True,True,Apache License 2.0
TommyZihao,TommyZihao/torch-cam,2022-09-21T14:37:05Z,2,2,Python,True,True,Apache License 2.0
xuxueli,xuxueli/xxl-tool,2017-09-12T02:51:27Z,353,353,Java,True,True,Apache License 2.0
wx-chevalier,wx-chevalier/reinvent-cloud-native-mall,2019-05-20T07:35:40Z,23,23,,True,True,MIT License
krahets,krahets/objaverse-xl,2023-09-19T08:42:19Z,1,1,,True,True,Apache License 2.0
teddysun,teddysun/xray-plugin-android,2021-02-20T03:50:31Z,126,126,Kotlin,True,True,GNU General Public License v3.0
espressif,espressif/esp-now,2021-08-27T06:57:03Z,535,535,C,True,True,Apache License 2.0
hellokaton,hellokaton/writty,2016-05-08T11:06:02Z,9,9,Java,True,True,
madeye,madeye/yolo-android,2017-06-20T01:54:53Z,30,30,C++,True,True,
hax,hax/my-loader,2015-01-22T09:01:35Z,0,0,,True,True,
pissang,pissang/worldcup-intro,2015-01-04T16:53:52Z,31,31,JavaScript,True,True,
kesenhoo,kesenhoo/Volley-demo,2015-01-07T14:28:21Z,1,1,Java,True,True,
jmzeng1314,jmzeng1314/where_is_my_Mr_Right,2017-08-27T13:21:11Z,3,3,R,True,True,
yiminghe,yiminghe/zscroller,2016-09-09T11:51:00Z,50,50,JavaScript,True,True,
code4craft,code4craft/spring-framework,2014-01-20T09:35:54Z,0,0,Java,True,True,
lexrus,lexrus/ZCAnimatedLabel,2021-02-16T16:06:56Z,1,1,Objective-C,True,True,MIT License
casatwy,casatwy/vim,2013-02-08T05:24:11Z,1,1,Vim script,True,True,
xpqiu,xpqiu/xpqiu.github.io,2019-03-19T11:07:27Z,33,33,HTML,False,False,
markzhai,markzhai/yoga,2016-12-21T15:50:57Z,1,1,C++,True,True,Other
candycat1992,candycat1992/Virtual-SQL,2013-11-14T07:02:58Z,1,1,C#,True,True,
matyhtf,matyhtf/webim,2014-04-23T14:07:59Z,1778,1778,PHP,True,True,
Justineo,Justineo/short-circuit-loader,2018-01-23T07:20:48Z,4,4,JavaScript,True,True,MIT License
gsdios,gsdios/wepy,2017-12-25T03:43:22Z,1,1,JavaScript,True,True,Other
binjie09,binjie09/webpack-theme-color-replacer,2021-02-18T09:45:56Z,2,2,CSS,True,True,
GcsSloop,GcsSloop/webgl-fundamentals,2023-04-14T00:13:45Z,1,1,,True,True,Other
Ewenwan,Ewenwan/BinaryConnect,2018-06-22T09:06:13Z,1,1,Python,True,True,GNU General Public License v2.0
KittenYang,KittenYang/lobe-chat,2024-07-18T04:06:35Z,0,0,,True,True,Other
kymjs,kymjs/VirtualAPK,2017-12-11T06:43:43Z,1,1,Java,True,True,Apache License 2.0
sl1673495,sl1673495/weekly,2021-11-23T10:47:41Z,9,9,,True,True,
vnpy,vnpy/vnpy_xtp,2021-05-13T04:45:33Z,13,13,C++,True,True,MIT License
formulahendry,formulahendry/yo-teams-migration,2023-06-20T07:17:44Z,1,1,TypeScript,True,True,
tiye,tiye/node-zephyros-callback,2013-09-24T05:03:52Z,0,0,CoffeeScript,True,True,
Skykai521,Skykai521/ViewDragHelperDemo,2016-03-11T14:35:41Z,3,3,Java,True,True,
feiskyer,feiskyer/winservercore,2023-01-30T04:27:35Z,0,0,Makefile,True,False,
greyli,greyli/PyConChina2019,2019-06-21T14:46:04Z,0,0,CSS,True,True,MIT License
geektutu,geektutu/tensorflow2-docs-zh,2019-07-08T17:37:05Z,227,227,Jupyter Notebook,True,True,
Lucifier129,Lucifier129/react-props,2015-11-24T12:12:20Z,11,11,JavaScript,True,True,MIT License
archibate,archibate/Rocketist,2018-03-16T05:54:13Z,0,0,C++,True,True,MIT License
zzz40500,zzz40500/zzz40500.github.io,2017-01-17T06:44:36Z,1,1,,True,True,
VincentWong3,VincentWong3/openpilot,2023-07-02T10:04:22Z,10,10,Python,True,True,MIT License
mmin18,mmin18/WaxPatch,2012-08-10T16:05:12Z,832,832,C,True,True,MIT License
DjangoPeng,DjangoPeng/yellowpaper,2018-05-29T03:49:53Z,0,0,TeX,True,True,Creative Commons Attribution Share Alike 4.0 International
Vamei,Vamei/xp58,2015-08-28T18:44:19Z,0,0,C,True,True,MIT License
wong2,wong2/MaDe,2012-08-23T04:17:00Z,0,0,JavaScript,True,True,Other
shidenggui,shidenggui/yh_verify_code_docker,2016-11-16T02:13:46Z,24,24,Python,True,True,
bilibili,bilibili/xpref,2017-12-25T17:43:41Z,84,84,Kotlin,True,True,Apache License 2.0
island205,island205/zhihu.md,2019-02-23T13:41:37Z,1,1,JavaScript,True,True,
armink,armink/web_terminal,2017-09-30T10:18:41Z,9,9,C,True,True,
igrr,igrr/zephyr,2017-05-17T08:11:11Z,3,3,C,True,True,Apache License 2.0
xuyisheng,xuyisheng/Look-Around,2015-02-11T08:52:56Z,0,0,Java,True,True,
MaxwellGengYF,MaxwellGengYF/ZXEngine,2024-03-08T10:41:04Z,0,0,C++,True,True,GNU General Public License v3.0
iamkun,iamkun/tower_game,2018-03-19T05:41:07Z,1507,1507,JavaScript,True,True,MIT License
uknowsec,uknowsec/yzm_captcha,2024-09-14T02:59:43Z,2,2,,True,True,MIT License
davideuler,davideuler/jni-faiss,2022-09-28T05:12:28Z,0,0,Java,True,True,
Jannchie,Jannchie/log,2020-11-15T06:07:45Z,2,2,,True,True,Creative Commons Attribution Share Alike 4.0 International
ctiao,ctiao/WhoCall,2014-02-28T18:00:03Z,1,1,Objective-C,True,True,MIT License
begeekmyfriend,begeekmyfriend/yolov3-pytorch,2019-10-16T10:13:11Z,0,0,,True,True,
kuitos,kuitos/spring-mvc4-seed,2014-09-26T17:49:13Z,28,28,Java,True,True,
FrozenGene,FrozenGene/tvm-tutorial,2019-01-17T16:59:15Z,65,65,Python,True,True,
yc9559,yc9559/wipe-v2,2019-03-29T15:55:27Z,114,114,C++,True,True,GNU Lesser General Public License v3.0
qii,qii/xcode-color-themes,2016-07-14T03:19:51Z,0,0,,True,True,
csvwolf,csvwolf/weex-vue-starter-kit,2017-02-06T06:01:42Z,24,24,,True,True,
CymChad,CymChad/OSSRH-82989,2022-08-01T09:07:40Z,1,1,,True,True,
yisar,yisar/juvenile,2022-10-29T07:38:33Z,2,2,Go,True,True,MIT License
ihciah,ihciah/xk-database,2015-04-13T13:27:14Z,1,1,CSS,True,True,GNU General Public License v2.0
electech6,electech6/zh-google-styleguide,2022-09-28T09:57:04Z,3,3,,True,False,
BaronZ88,BaronZ88/WebViewSample,2016-07-19T05:28:17Z,135,135,JavaScript,True,True,
Charmve,Charmve/Wind-Pendulum-Controlling-System,2022-10-01T09:25:50Z,2,2,,True,True,
XINCGer,XINCGer/XINCGer,2020-11-02T10:14:09Z,1,1,,True,True,MIT License
LeoMobileDeveloper,LeoMobileDeveloper/WCGradientCircleLayer,2015-04-24T07:47:33Z,36,36,Objective-C,True,True,
losfair,losfair/freebsd-src,2024-07-22T10:12:43Z,0,0,,True,False,Other
knightliao,knightliao/zbuffer,2014-06-07T08:25:10Z,28,28,C++,True,True,GNU General Public License v2.0
lychees,lychees/DeepLearningFlappyBird,2016-03-16T17:52:16Z,0,0,Python,True,True,
GoSSIP-SJTU,GoSSIP-SJTU/TripleDoggy,2018-09-17T12:05:19Z,193,193,C++,True,True,Apache License 2.0
EspressifApp,EspressifApp/rainmaker-proto-java,2021-12-16T03:05:10Z,1,1,,True,True,
cyfdecyf,cyfdecyf/Yastopwatch,2014-05-12T06:06:30Z,0,0,C,True,True,
songquanpeng,songquanpeng/ZiGAN-crawler,2022-05-24T07:44:28Z,0,0,Python,True,True,
zombieJ,zombieJ/zombiej.github.io,2014-08-04T15:41:13Z,2,2,TypeScript,True,True,
shrekshrek,shrekshrek/wavefilter,2018-03-06T04:20:47Z,0,0,JavaScript,True,True,MIT License
ExpLangcn,ExpLangcn/hexo-circle-of-friends,2023-09-11T03:23:54Z,0,0,Python,True,True,Apache License 2.0
lightningMan,lightningMan/WechatDialogue,2018-07-26T11:47:53Z,1,1,,True,True,Apache License 2.0
houbb,houbb/word-cloud,2021-06-30T10:05:33Z,31,31,Java,True,True,Apache License 2.0
liu21st,liu21st/think-oracle,2019-07-14T06:07:52Z,1,1,PHP,True,True,Apache License 2.0
wnzhang,wnzhang/xgboost,2014-03-27T12:38:13Z,0,0,C++,True,True,Other
jikeytang,jikeytang/wdshare-site,2017-03-25T14:52:52Z,0,0,JavaScript,True,True,
xiewenwei,xiewenwei/xiewenwei.github.io,2014-06-22T16:41:53Z,1,1,HTML,True,True,
zensh,zensh/yscheme,2014-05-11T01:23:14Z,0,0,Scheme,True,True,
cfc4n,cfc4n/woodpecker,2013-09-12T03:57:20Z,152,152,PHP,True,True,GNU General Public License v3.0
nobodyiam,nobodyiam/zebra,2017-03-01T08:06:52Z,0,0,Java,True,True,Apache License 2.0
KeKe-Li,KeKe-Li/tutorial,2017-11-27T13:35:06Z,824,824,,True,True,Apache License 2.0
journey-ad,journey-ad/you-get,2021-08-28T01:56:01Z,1,1,,True,True,Other
Jocs,Jocs/zhao,2018-08-25T06:47:58Z,2,2,Python,True,False,GNU General Public License v3.0
mcxtzhang,mcxtzhang/ZLayoutManager,2016-10-27T07:12:49Z,2529,2529,Java,True,True,
wingjay,wingjay/WJMagicCurveView,2016-04-22T04:43:58Z,323,323,Java,True,True,
leeight,leeight/knowledge,2013-05-06T09:49:43Z,0,0,CoffeeScript,True,True,
zhuangbiaowei,zhuangbiaowei/zhuangbiaowei.github.io,2013-12-27T06:34:40Z,2,2,JavaScript,True,True,
fordream,fordream/C-Database,2015-11-23T12:32:01Z,0,0,C,True,True,
flyerhzm,flyerhzm/test_code_analyzer,2012-09-19T09:07:46Z,1,1,Ruby,True,True,
Becavalier,Becavalier/YHString,2020-05-25T15:15:05Z,1,1,C++,True,True,MIT License
yangxue0827,yangxue0827/tensorflow-pratice,2017-08-29T12:49:30Z,1,1,Python,True,True,GNU General Public License v3.0
cipchk,cipchk/zh-hans-tt-hant-vscode,2018-11-26T05:52:33Z,13,13,TypeScript,True,True,MIT License
dsh0416,dsh0416/newlib-esp32,2020-05-04T11:52:24Z,0,0,C,True,True,GNU General Public License v2.0
aksnzhy,aksnzhy/xlearn_doc_cn,2018-09-06T03:25:39Z,18,18,Python,True,True,Apache License 2.0
linyiqun,linyiqun/yarn-jobhistory-crawler,2015-09-24T14:44:56Z,34,34,Java,True,True,
levey,levey/XVim,2014-03-11T02:43:34Z,0,0,Objective-C,True,True,MIT License
caesar0301,caesar0301/zsh-plugin-caesardev,2024-08-30T05:31:11Z,0,0,Shell,True,True,Apache License 2.0
mashirozx,mashirozx/misskey,2022-08-01T02:01:06Z,0,0,TypeScript,True,False,GNU Affero General Public License v3.0
aozhimin,aozhimin/YTKNetwork,2017-02-23T10:05:00Z,0,0,Objective-C,True,True,MIT License
r0eXpeR,r0eXpeR/VulnerabilityIntelligence,2021-01-18T08:38:11Z,51,51,,True,True,
z-song,z-song/yin,2014-05-10T02:35:17Z,0,0,Java,True,True,GNU Affero General Public License v3.0
feifeibear,feifeibear/swDNNv1.0,2019-01-08T06:11:28Z,4,4,C,True,True,
unix,unix/koa-ts,2018-02-26T08:07:10Z,375,375,TypeScript,True,True,MIT License
kaleai,kaleai/Shatter,2015-09-22T08:37:50Z,460,460,Java,True,True,
zhouguangming,zhouguangming/spec,2023-04-19T03:17:21Z,0,0,,True,True,Apache License 2.0
hzy46,hzy46/World_Food_Facts_Web_Demo,2016-12-08T12:20:50Z,1,1,HTML,True,True,
SeuTao,SeuTao/Xtensorflow,2018-04-25T02:26:31Z,24,24,Python,True,True,
AlexV525,AlexV525/github.dart,2019-10-23T06:14:09Z,0,0,Dart,True,True,Other
supnate,supnate/web,2012-11-20T01:45:34Z,1,1,JavaScript,True,True,
manageyp,manageyp/xhtml2pdf,2014-06-14T06:06:42Z,0,0,Python,True,True,Apache License 2.0
RangiLyu,RangiLyu/YOLOX,2021-07-20T14:54:41Z,0,0,,True,True,Apache License 2.0
hit9,hit9/trie,2016-04-18T14:14:02Z,3,3,Go,True,True,"BSD 3-Clause ""New"" or ""Revised"" License"
DavidCai1111,DavidCai1111/movieStation,2014-11-25T12:50:44Z,1,1,JavaScript,True,True,
robbin,robbin/sinatratest,2012-12-24T01:27:29Z,136,136,Ruby,True,True,
otakustay,otakustay/unidiff,2018-10-25T08:37:16Z,0,0,JavaScript,True,True,Other
EYHN,EYHN/treemap,2021-08-10T14:28:34Z,0,0,,True,True,
netcan,netcan/wordStatistics,2017-01-19T09:34:29Z,5,5,C++,True,True,
loody,loody/understand-plugin-framework,2020-10-11T01:26:45Z,0,0,,True,True,Apache License 2.0
jdneo,jdneo/vscode-lsif-extension,2019-03-13T06:50:52Z,0,0,TypeScript,True,True,MIT License
yinjihuan,yinjihuan/vue-elementui,2017-10-12T05:01:30Z,234,234,Java,True,True,
ma6174,ma6174/zhengfang,2013-01-10T08:29:28Z,15,15,Python,True,True,
tanjiti,tanjiti/webshellSample,2015-10-23T10:36:41Z,415,415,PHP,True,True,
BernardXiong,BernardXiong/wasm-micro-runtime,2021-09-07T01:01:22Z,0,0,,True,True,Apache License 2.0
Doraemonzzz,Doraemonzzz/Yet-Another-Subtitle-Tool,2021-05-30T15:15:19Z,0,0,Python,True,True,
JeasonWong,JeasonWong/ZeusHotfix,2017-05-19T05:38:12Z,3,3,Java,True,True,MIT License
MuYunyun,MuYunyun/ZHITWeb,2016-12-11T05:41:45Z,7,7,JavaScript,True,True,
wuhan005,wuhan005/zy-slider,2018-08-03T12:39:16Z,0,0,JavaScript,False,False,
Leopoldthecoder,Leopoldthecoder/web-components-demo,2018-03-27T10:56:43Z,0,0,HTML,True,True,
jkchao,jkchao/zanePerfor,2021-09-26T08:56:43Z,0,0,,True,True,Other
xen0n,xen0n/gcc,2016-08-28T14:30:14Z,1,1,C,True,True,GNU General Public License v2.0
laobie,laobie/zero,2016-12-27T13:24:25Z,0,0,JavaScript,True,True,
taoso,taoso/protobuf-go,2018-08-01T01:16:45Z,0,0,Go,True,False,"BSD 3-Clause ""New"" or ""Revised"" License"
renkun-ken,renkun-ken/selectr,2014-07-24T11:40:38Z,0,0,R,True,True,Other
ZigaoWang,ZigaoWang/zigaowang.github.io,2023-09-20T10:54:54Z,3,3,HTML,True,True,
ElemeFE,ElemeFE/wind-reactive,2015-08-16T22:12:35Z,3,3,JavaScript,True,True,MIT License
andyzhangx,andyzhangx/windows-testing,2020-04-02T07:36:58Z,0,0,,True,True,Apache License 2.0
lietoumai,lietoumai/interview_internal_reference,2019-07-18T09:41:58Z,5,5,Python,True,True,
yixuan,yixuan/yixuan.github.com,2012-03-02T01:25:38Z,1,1,HTML,True,True,
jamesge,jamesge/rocksdb,2019-12-02T11:36:50Z,1,1,,True,True,GNU General Public License v2.0
lotabout,lotabout/zzz,2015-03-10T09:25:09Z,2,2,CSS,True,True,MIT License
breezewish,breezewish/vector-sysbench-gen,2024-03-27T08:28:48Z,0,0,Go,True,True,Other
hetong007,hetong007/xlearn,2017-12-04T18:54:09Z,1,1,C++,True,True,Apache License 2.0
kingname,kingname/YueMa,2015-11-01T07:43:20Z,0,0,JavaScript,True,True,
MegatronKing,MegatronKing/zlib,2024-07-11T10:11:22Z,1,1,,True,True,Other
tonybase,tonybase/TTServer,2014-12-20T07:35:37Z,2,2,C++,True,True,
tinyfool,tinyfool/wmd,2013-08-02T22:35:57Z,0,0,JavaScript,True,True,
JJYing,JJYing/umami,2023-05-08T11:32:27Z,0,0,TypeScript,False,False,MIT License
lni,lni/vfs,2021-02-01T16:31:38Z,5,5,Go,True,True,"BSD 3-Clause ""New"" or ""Revised"" License"
Jinxiansen,Jinxiansen/Windows11,2021-08-31T12:57:12Z,206,206,Swift,True,True,MIT License
PhotonQuantum,PhotonQuantum/nmsl-telegram-bot-rs,2021-11-29T17:54:58Z,3,3,Rust,True,True,GNU General Public License v3.0
GeekLiB,GeekLiB/FaceTracker-1,2017-08-12T14:45:56Z,0,0,C++,True,True,Other
ginuerzh,ginuerzh/wxmp,2014-02-19T03:52:34Z,0,0,Go,True,True,
ltebean,ltebean/sticky-header,2014-06-17T12:56:04Z,16,16,JavaScript,True,True,MIT License
sun0225SUN,sun0225SUN/wechat-official,2023-12-22T15:46:46Z,4,4,HTML,True,True,
Sneezry,Sneezry/node-github-issue,2018-03-02T04:49:02Z,0,0,JavaScript,True,True,MIT License
sisterAn,sisterAn/zhuge,2020-05-25T09:10:27Z,0,0,,True,True,
sunniejs,sunniejs/youlebao,2019-07-19T07:29:33Z,0,0,Vue,True,True,
qiankanglai,qiankanglai/vscode-nova-script,2023-01-28T08:34:49Z,0,0,JavaScript,True,True,MIT License
erning,erning/zmqcat,2012-11-05T01:19:38Z,2,2,C,True,True,
ithewei,ithewei/YouCompleteMe,2019-12-16T08:11:35Z,2,2,,True,True,GNU General Public License v3.0
adah1972,adah1972/ycmconf,2020-03-16T13:21:04Z,3,3,Python,True,True,MIT License
Enter-tainer,Enter-tainer/tree-sitter-c,2022-06-16T07:46:27Z,0,0,JavaScript,True,True,MIT License
Frank-Zhu,Frank-Zhu/YoutubeToMp3,2016-11-29T06:40:20Z,4,4,Java,True,True,
jerrykuku,jerrykuku/ZimaDocs,2022-11-16T06:14:14Z,0,0,CSS,True,True,MIT License
wey-gu,wey-gu/nebula-dev-CLion,2021-08-04T03:57:21Z,0,0,Dockerfile,True,True,
ShenQingchuan,ShenQingchuan/yorkie,2022-10-23T09:00:19Z,1,1,JavaScript,True,True,MIT License
kitelife,kitelife/xiaBase64,2016-01-27T15:28:46Z,3,3,Go,True,True,
jkzing,jkzing/write-file-webpack-plugin,2018-05-08T07:36:42Z,0,0,JavaScript,True,True,Other
godweiyang,godweiyang/wordcloud,2019-07-27T14:47:37Z,52,52,Python,True,True,
billryan,billryan/zeus-jdk-common,2019-03-09T10:41:27Z,0,0,Java,True,True,
seedante,seedante/XIEKIESLIDJLJK,2017-11-20T14:05:33Z,0,0,Swift,True,True,MIT License
skyvow,skyvow/toolbox,2015-10-26T07:58:32Z,4,4,JavaScript,True,True,
cubercsl,cubercsl/yay,2022-05-03T15:56:00Z,1,1,Go,True,False,GNU General Public License v3.0
NELSONZHAO,NELSONZHAO/zhihu,2017-05-25T13:38:51Z,3498,3498,Jupyter Notebook,True,True,
AnoyiX,AnoyiX/spring-security-demos,2017-06-07T02:45:15Z,382,382,Java,True,True,
hawkingrei,hawkingrei/GR-JSON-Reader,2013-05-27T08:59:15Z,0,0,Python,True,True,
ElderJames,ElderJames/YouBlog.Mvc,2015-12-10T14:33:09Z,7,7,JavaScript,True,True,GNU General Public License v2.0
vikingmute,vikingmute/yiju,2015-05-07T04:02:20Z,0,0,JavaScript,True,True,
endymecy,endymecy/tsfresh,2018-05-29T10:01:22Z,1,1,Jupyter Notebook,True,True,MIT License
creeperyang,creeperyang/zSlider,2015-04-30T03:27:11Z,12,12,JavaScript,True,True,
WenmuZhou,WenmuZhou/XFUND,2021-12-08T09:19:15Z,0,0,,True,True,
AlloVince,AlloVince/zf2,2012-10-23T08:28:15Z,1,1,PHP,True,True,"BSD 3-Clause ""New"" or ""Revised"" License"
XVilka,XVilka/libarchive,2020-10-21T07:16:21Z,0,0,,True,True,Other
allenhsu,allenhsu/XVim2,2020-03-27T06:51:39Z,0,0,,True,True,MIT License
jobbole,jobbole/web-skill-set,2016-06-18T10:15:12Z,247,247,,True,True,
ArthurChiao,ArthurChiao/xv6-public,2020-04-05T11:14:09Z,0,0,,True,True,Other
junqiangchen,junqiangchen/ITK,2018-08-28T02:42:00Z,0,0,C++,True,False,Apache License 2.0
txsun1997,txsun1997/XDU-SPM-Project,2018-09-23T09:08:15Z,5,5,CSS,True,True,
desmond1121,desmond1121/yoga,2016-12-23T08:28:17Z,1,1,C++,True,True,Other
desmond1121,desmond1121/yoga,2016-12-23T08:28:17Z,1,1,C++,True,True,Other
pacoxu,pacoxu/glossary,2024-03-14T10:27:09Z,0,0,,True,False,Apache License 2.0
army8735,army8735/yurine,2018-12-07T01:28:47Z,0,0,JavaScript,True,True,MIT License
dastagir-ahmed,dastagir-ahmed/vania-dart-furniture-api,2024-06-30T03:57:17Z,2,2,Dart,True,True,MIT License
Sanster,Sanster/tf_multi_gpu_example,2018-10-07T04:58:11Z,1,1,Python,True,True,
xupsh,xupsh/ZynqBook,2014-02-19T05:49:26Z,82,82,,True,True,
nb312,nb312/wordpress-develop,2024-08-16T03:07:19Z,0,0,,True,False,GNU General Public License v2.0
SJTU-IPADS,SJTU-IPADS/xstore,2020-10-07T01:25:13Z,110,110,C++,True,True,
Simon-He95,Simon-He95/eslint-plugin-tree-shaking,2022-10-13T05:14:40Z,0,0,,True,True,MIT License
ethanhua,ethanhua/VasSonic,2018-08-03T11:20:09Z,0,0,Java,True,True,Other
luikore,luikore/zscan,2013-05-05T21:16:52Z,9,9,C++,True,True,
moesoha,moesoha/zjeea-score-query-helper,2017-11-25T14:58:04Z,0,0,HTML,True,True,MIT License
vvpvvp,vvpvvp/website,2016-04-19T02:50:31Z,2,2,JavaScript,True,True,
PureWhiteWu,PureWhiteWu/www.rust-lang.org,2021-09-23T16:18:55Z,0,0,Fluent,True,True,Apache License 2.0
langgithub,langgithub/ZygoteInject,2019-08-29T09:22:06Z,7,7,C,True,True,
oovm,oovm/docsify,2020-10-13T02:55:22Z,1,1,,False,False,Mozilla Public License 2.0
SimonZhangITer,SimonZhangITer/VueDemo_Sell_Eleme,2016-12-14T11:04:39Z,1383,1383,Vue,True,True,MIT License
stone-zeng,stone-zeng/zhmakeindex,2020-04-19T07:48:12Z,0,0,,True,True,
ciaochaos,ciaochaos/troyni-web-giscus,2024-02-26T16:19:20Z,0,0,,True,True,
rainyear,rainyear/xr_ux,2020-09-30T08:06:31Z,1,1,,True,True,
gxcsoccer,gxcsoccer/sofa-mosn-demo,2018-08-10T03:09:50Z,1,1,JavaScript,True,True,MIT License
ZhouYixun,ZhouYixun/ZhouYixun,2021-11-04T15:23:52Z,6,6,,True,True,
mmoaay,mmoaay/WWDC17Session204,2017-07-30T13:28:12Z,3,3,Swift,True,True,
LangziFun,LangziFun/SafeCode,2021-03-18T11:04:19Z,7,7,Python,True,True,
fengzhizi715,fengzhizi715/websocket-demo,2021-10-29T05:44:33Z,1,1,Kotlin,True,True,Apache License 2.0
AAChartModel,AAChartModel/ZM_CALayerAnimation,2017-08-17T16:35:57Z,1,1,Objective-C,True,True,Apache License 2.0
giraffe0813,giraffe0813/tsharding,2016-07-27T07:20:15Z,0,0,Java,True,True,MIT License
zengyh1900,zengyh1900/RFB_ESRGAN-PyTorch,2020-11-10T07:53:41Z,0,0,,True,True,Apache License 2.0
gaussic,gaussic/ziroom_crack,2018-08-23T14:55:21Z,0,0,Jupyter Notebook,True,True,
yulunzhang,yulunzhang/video-enhancement,2017-12-16T19:58:12Z,570,570,,True,True,
Doragd,Doragd/Yaoyuanzhou,2023-02-09T04:04:31Z,0,0,,True,True,
wayslog,wayslog/zeromq3-x,2014-11-12T08:25:04Z,0,0,,True,True,GNU General Public License v3.0
whai362,whai362/xieenze,2021-06-24T10:58:46Z,0,0,,True,True,
chanjarster,chanjarster/willemjiang.github.io,2019-11-14T00:05:22Z,0,0,,True,True,
dkmeteor,dkmeteor/ZXingProject,2014-10-16T15:12:43Z,1,1,,True,True,MIT License
MengRao,MengRao/WFMPMC,2018-10-14T11:43:07Z,112,112,C++,True,True,MIT License
barry-ran,barry-ran/faceswap,2020-11-08T05:12:34Z,0,0,,True,False,GNU General Public License v3.0
bettenW,bettenW/TIANCHI_OGeek_Rank2,2019-08-20T16:17:56Z,27,27,Python,True,True,
CreditTone,CreditTone/xinit,2020-05-20T10:32:27Z,8,8,Java,True,True,
Thinklab-SJTU,Thinklab-SJTU/WSGNN,2022-05-28T07:47:58Z,18,18,Python,True,True,
mzz2017,mzz2017/winget-pkgs,2023-03-19T13:40:19Z,0,0,PowerShell,True,True,MIT License
cooelf,cooelf/zero_shot_cot,2022-07-26T04:52:16Z,0,0,,True,True,
linlinjava,linlinjava/WxJava,2021-09-07T12:56:55Z,0,0,Java,True,True,Apache License 2.0
cofyc,cofyc/delayed_job_active_record,2013-05-07T05:01:24Z,0,0,Ruby,True,True,MIT License
hhstore,hhstore/zhihu-go,2016-11-14T12:20:44Z,1,1,Go,True,True,MIT License
huailiang,huailiang/wx,2018-02-23T06:41:29Z,2,2,JavaScript,True,True,MIT License
PytLab,PytLab/widget-cookiecutter,2018-09-26T05:03:40Z,0,0,Python,True,True,
qmwu2000,qmwu2000/zfile,2022-11-30T02:55:15Z,0,0,,True,True,MIT License
osteele,osteele/osteele,2022-12-01T03:46:22Z,0,0,,True,False,
softwind0214,softwind0214/WebViewJavascriptBridge,2015-03-30T09:40:50Z,0,0,Objective-C,True,True,MIT License
jackeyGao,jackeyGao/WeUnsplash,2016-09-28T03:52:29Z,4,4,JavaScript,True,True,
ElegantLaTeX,ElegantLaTeX/tutorial,2022-04-18T11:16:39Z,7,7,TeX,True,True,
zry656565,zry656565/reactable,2016-09-03T15:23:54Z,0,0,JavaScript,True,True,MIT License
WeihanLi,WeihanLi/docs-aspire,2024-10-18T07:59:26Z,0,0,,True,True,MIT License
heibaiying,heibaiying/spring-samples-for-all,2018-12-18T00:59:53Z,471,471,Java,True,True,
litaotao,litaotao/zipline,2016-11-29T13:12:56Z,0,0,Python,True,True,Apache License 2.0
frankdevhub,frankdevhub/wflow,2023-06-15T21:30:13Z,0,0,,True,True,Apache License 2.0
Tamicer,Tamicer/WebDaily,2021-09-15T06:33:51Z,1,1,,True,True,
foamliu,foamliu/ImageSynth,2019-06-14T06:43:53Z,0,0,Jupyter Notebook,True,True,MIT License
LittleSound,LittleSound/website,2023-09-28T05:24:18Z,0,0,,True,True,Apache License 2.0
yangzhe1991,yangzhe1991/teameditor,2015-03-04T13:26:00Z,0,0,Go,True,True,MIT License
w446108264,w446108264/XhsWelcomeAnim,2015-03-06T02:34:06Z,1090,1090,Java,True,True,
wangyasai,wangyasai/zoufan,2019-09-12T09:17:24Z,0,0,,True,True,
chinese-poetry,chinese-poetry/weapp-calendar,2018-12-28T08:18:27Z,189,189,JavaScript,True,True,
CodeSama346623,CodeSama346623/world-area,2020-01-30T10:15:28Z,4,4,,True,True,
zmmbreeze,zmmbreeze/zmmbreeze.github.com,2015-04-24T11:10:51Z,6,6,HTML,True,True,
shalldie,shalldie/vue2-admin,2019-11-15T09:28:00Z,0,0,Vue,True,True,
Hzfengsy,Hzfengsy/web-data,2021-10-21T10:43:43Z,0,0,,True,True,Apache License 2.0
panghaijiao,panghaijiao/ProtocolProgrammingDemo,2015-12-20T10:51:56Z,17,17,Objective-C,True,True,
alexinea,alexinea/vite-plugin-vue-type-imports,2024-08-08T05:58:59Z,0,0,TypeScript,True,True,
BolexLiu,BolexLiu/ZhihuDailyPurify,2016-01-20T11:10:58Z,0,0,Java,True,True,Apache License 2.0
DCjanus,DCjanus/yaegi_demo,2023-11-24T02:43:05Z,13,13,Go,True,True,
cubxxw,cubxxw/Resume-CV,2023-09-22T13:10:50Z,3,3,TeX,True,True,MIT License
jagt,jagt/zig,2022-03-20T12:54:46Z,0,0,Zig,True,True,MIT License
celeron533,celeron533/WinMTR,2024-04-05T02:30:44Z,0,0,,True,True,
qq547276542,qq547276542/ZeroSpeech,2020-05-24T08:18:22Z,1,1,,True,True,
nttstar,nttstar/yc,2015-03-19T11:42:10Z,0,0,Ruby,True,True,
xiandanin,xiandanin/StickerView,2019-03-21T08:27:20Z,3,3,Java,True,True,MIT License
madneal,madneal/serialize-study,2019-05-22T07:40:29Z,0,0,Java,True,True,
zhanwen,zhanwen/zhanwen.github.io,2017-10-10T02:21:00Z,0,0,HTML,True,True,
why404,why404/zeus,2012-11-07T06:38:47Z,0,0,Go,True,True,MIT License
yanghua,yanghua/yanghua.github.io,2015-07-08T06:15:27Z,1,1,HTML,True,True,
jokermonn,jokermonn/USTC-CS-Courses-Resource,2019-03-01T01:37:38Z,5,5,C++,True,True,
dfguo,dfguo/webpack-visualizer,2016-10-30T14:10:34Z,1,1,JavaScript,True,True,MIT License
JackonYang,JackonYang/YubiKey-Guide,2018-08-07T15:29:36Z,0,0,,True,False,MIT License
lifeiteng,lifeiteng/World,2018-03-03T05:06:39Z,0,0,C++,True,True,Other
qiyuangong,qiyuangong/Zoo_Stream_Inference,2019-02-22T01:33:04Z,0,0,Scala,True,True,MIT License
shadowcz007,shadowcz007/chatglm.cpp,2023-08-24T02:19:45Z,0,0,,True,True,MIT License
bxm0927,bxm0927/Works-Demo,2017-07-20T13:40:50Z,0,0,HTML,True,True,
nanxiaobei,nanxiaobei/wagmi,2024-05-22T16:58:31Z,0,0,,True,False,MIT License
yangminz,yangminz/yangminz.github.io,2016-11-12T04:44:39Z,0,0,HTML,True,True,
hackerzhou,hackerzhou/Scripts,2012-04-03T10:32:12Z,49,49,Python,True,True,
TianLin0509,TianLin0509/Zoreto_TWC,2020-11-18T12:59:25Z,4,4,Python,True,True,
Teaonly,Teaonly/_ref_SimpleWebRTC,2013-06-05T11:29:33Z,6,6,C++,True,True,
mrluanma,mrluanma/tornado_gunicorn_nginx_heroku,2014-06-25T03:27:52Z,2,2,HTML,True,True,MIT License
fffonion,fffonion/stream-lua-nginx-module,2023-12-01T08:46:31Z,0,0,C,True,True,"BSD 2-Clause ""Simplified"" License"
percent4,percent4/PlotFiguresOnline,2018-04-13T08:40:03Z,0,0,HTML,True,True,
linexjlin,linexjlin/sukong,2021-07-19T12:51:47Z,1,1,Go,True,True,
wzhudev,wzhudev/zorro-dis-on-nav,2020-04-05T10:52:19Z,0,0,TypeScript,True,True,
daxnet,daxnet/writing,2018-10-18T07:55:51Z,0,0,C#,True,True,MIT License
hnes,hnes/zlib-1,2017-07-05T07:15:29Z,0,0,C,True,True,
QiShaoXuan,QiShaoXuan/year-end-summary,2020-11-06T07:05:50Z,0,0,,True,True,
MoZhouqi,MoZhouqi/VVBlurPresentation,2015-01-05T07:54:48Z,3,3,Objective-C,True,True,MIT License
nimoc,nimoc/wechatpay-go,2022-01-18T06:15:00Z,0,0,,True,True,Apache License 2.0
lkml-likexu,lkml-likexu/linux,2022-03-09T10:06:22Z,2,2,C,True,False,Other
LuckSiege,LuckSiege/uCrop,2021-06-18T06:59:13Z,0,0,,True,True,
hli2020,hli2020/ZSD_Release,2018-07-06T00:07:49Z,0,0,Python,True,True,MIT License
chenxuuu,chenxuuu/Watch_K210_doc,2021-11-24T07:58:14Z,0,0,,True,True,MIT License
yuzd,yuzd/eJS-new,2022-03-25T06:25:50Z,0,0,,True,True,
Moriadry-zz,Moriadry-zz/vert.x,2019-04-27T17:22:09Z,0,0,Java,True,True,Other
undefined-moe,undefined-moe/wqxuetang-download,2020-02-02T08:26:27Z,0,0,JavaScript,True,True,
yanyongyu,yanyongyu/yanyongyu-blog-deploy,2020-01-19T05:56:11Z,0,0,HTML,False,False,
Leifzhang,Leifzhang/WMRouter,2020-06-08T11:16:17Z,1,1,,True,True,Apache License 2.0
makeapp,makeapp/panoramagl-android,2015-04-29T06:46:40Z,1,1,Java,True,False,
jasonross,jasonross/TouchTracker,2020-07-30T10:16:47Z,4,4,Java,True,True,
Jeff-sjtu,Jeff-sjtu/TypingGame,2017-05-12T06:29:32Z,1,1,HTML,True,True,
Kyle-Ye,Kyle-Ye/swift-docc-symbolkit,2021-12-05T13:51:01Z,1,1,,True,False,Apache License 2.0
ghosert,ghosert/VimProject,2010-04-03T02:31:21Z,208,208,C,True,True,
philcn,philcn/slang,2019-03-13T03:24:05Z,0,0,C++,True,True,MIT License
goddyZhao,goddyZhao/zoopervisor,2014-07-10T08:22:55Z,0,0,,True,True,MIT License
h-a-n-a,h-a-n-a/rust-commoncrypto,2023-03-06T17:17:15Z,0,0,,True,False,MIT License
ShiningRay,ShiningRay/pixie,2022-01-27T06:35:54Z,0,0,,True,True,MIT License
Sorosliu1029,Sorosliu1029/ZigBee_Driver,2017-01-10T02:16:20Z,1,1,JavaScript,True,True,MIT License
zhuwenxing,zhuwenxing/python-cheatsheet,2019-03-02T00:20:33Z,2,2,Python,True,True,
youjiali1995,youjiali1995/youjiali1995.github.io,2017-10-16T03:22:10Z,8,8,SCSS,True,True,MIT License
zthxxx,zthxxx/zthxxx.github.io,2019-04-24T03:29:34Z,7,7,Vue,True,True,
SuneBear,SuneBear/toajs.com,2015-05-14T04:50:35Z,0,0,HTML,True,True,MIT License
Garfield550,Garfield550/ziglings,2023-05-23T10:14:55Z,0,0,Zig,False,False,MIT License
u-u-z,u-u-z/meta-space-pub-251,2022-01-17T06:01:25Z,0,0,HTML,True,True,
DreamWaterFound,DreamWaterFound/Turtlebot3-annotations,2020-09-11T02:29:18Z,0,0,C++,True,True,
tangyouhua,tangyouhua/semantic-kernel,2024-03-05T14:03:27Z,0,0,C#,True,False,MIT License
h4ckdepy,h4ckdepy/XSS_Cheat_Sheet_2020_Edition,2020-07-03T14:06:03Z,0,0,,True,True,
shiyunbo,shiyunbo/shiyunbo.github.io,2021-03-12T13:19:06Z,11,11,SCSS,True,True,MIT License
tchaikov,tchaikov/pyglossary,2012-02-27T18:28:28Z,1,1,Python,True,True,GNU General Public License v3.0
luciouskami,luciouskami/jassdoc,2017-01-17T10:34:15Z,0,0,Objective-J,True,True,
meiqua,meiqua/weitu,2018-06-02T13:58:17Z,0,0,C++,True,True,
changsanjiang,changsanjiang/ZLPhotoBrowser,2017-07-08T04:10:04Z,1,1,Objective-C,True,True,MIT License
lygttpod,lygttpod/wxapp,2017-01-20T06:42:37Z,0,0,JavaScript,True,True,
sangmingming,sangmingming/You-Dont-Know-JS,2017-07-10T08:52:39Z,0,0,JavaScript,True,True,Other
tony612,tony612/laptop,2014-02-25T15:47:24Z,0,0,Shell,True,False,MIT License
livc,livc/WeTheCitizen,2018-09-08T03:24:54Z,0,0,JavaScript,True,True,
hylarucoder,hylarucoder/react-starter-kit,2018-09-08T02:27:21Z,1,1,JavaScript,True,True,MIT License
amorist,amorist/gatsby-theme-antd,2020-07-05T07:59:12Z,2,2,TypeScript,True,True,Other
oa414,oa414/wiki,2013-06-09T05:40:43Z,2,2,,True,True,
shixinzhang,shixinzhang/Yummy-Jekyll,2017-10-02T15:08:12Z,0,0,CSS,True,True,Apache License 2.0
lightszero,lightszero/zoro,2018-06-19T15:35:52Z,0,0,C#,True,True,
yimengfan,yimengfan/yimengfan,2022-05-05T10:29:40Z,0,0,,True,True,
johnnychen94,johnnychen94/MIRT.jl,2020-07-12T07:40:03Z,0,0,Julia,True,True,MIT License
DirtyHarryLYL,DirtyHarryLYL/video_distillation,2024-02-27T14:26:13Z,0,0,,True,True,
archbobo,archbobo/Java-Fundamentals-2016,2020-04-23T11:25:01Z,0,0,,True,True,
ottomao,ottomao/TrafficRecorder,2014-11-10T13:59:21Z,20,20,JavaScript,True,True,
openproject,openproject/yssk_engine,2017-05-19T02:52:14Z,0,0,JavaScript,True,True,
oneinstack,oneinstack/panel-web-vue2,2019-10-31T08:05:20Z,5,5,Vue,True,True,MIT License
Tamsiree,Tamsiree/xLua,2020-08-03T03:36:34Z,0,0,,True,True,Other
raoenhui,raoenhui/YHD.js,2017-12-03T12:42:51Z,0,0,JavaScript,True,True,MIT License
haoxins,haoxins/website,2024-07-16T06:31:24Z,0,0,,True,True,Creative Commons Attribution 4.0 International
sequoiar,sequoiar/flot,2013-02-12T13:40:51Z,0,0,JavaScript,True,True,MIT License
wangdahoo,wangdahoo/moveable,2022-01-05T16:46:52Z,0,0,,True,True,MIT License
mc-zone,mc-zone/__wintest__,2018-02-21T13:53:36Z,1,1,JavaScript,True,True,
lijinma,lijinma/Yuna,2015-11-13T16:15:55Z,0,0,CSS,True,True,
SuperSodaSea,SuperSodaSea/you-get,2022-01-22T14:43:37Z,0,0,Python,True,True,Other
rainux,rainux/wsldl,2019-01-02T11:01:06Z,0,0,C,True,True,MIT License
erikzhang,erikzhang/neo,2019-08-05T02:08:04Z,2,2,C#,True,False,MIT License
FXTD-ODYSSEY,FXTD-ODYSSEY/WindowsInkDisable,2021-04-28T05:19:41Z,1,1,C#,True,True,MIT License
ai-winter,ai-winter/ros_pedestrians_simulation,2023-03-13T07:47:59Z,34,34,Python,True,False,GNU General Public License v3.0
Omooo,Omooo/ZhiHuDaily,2018-01-18T14:40:19Z,0,0,Java,True,True,
dixudx,dixudx/kubernetes.github.io,2016-11-03T15:39:40Z,0,0,HTML,True,True,Creative Commons Attribution 4.0 International
orca-zhang,orca-zhang/zerocopy,2024-08-29T07:12:04Z,0,0,Go,True,True,"BSD 3-Clause ""New"" or ""Revised"" License"
mzule,mzule/yz_dribbble,2014-10-29T14:27:16Z,0,0,,True,True,Mozilla Public License 2.0
downdemo,downdemo/SNET,2021-02-08T14:52:03Z,28,28,C++,True,True,MIT License
youngfish42,youngfish42/zzp1012,2023-03-04T12:45:25Z,0,0,,True,True,
Linzaer,Linzaer/Ultra-Light-Fast-Generic-Face-Detector-1MB,2019-10-10T07:40:48Z,7169,7169,Python,True,True,MIT License
changmingxie,changmingxie/tcc-transaction,2015-12-05T04:27:53Z,5780,5780,Java,True,True,Apache License 2.0
zhenrong-wang,zhenrong-wang/zhenrong-wang,2023-11-25T13:16:30Z,0,0,,True,True,
Tedko,Tedko/ZhihuMaintenance,2014-08-16T03:57:16Z,1,1,,True,True,Apache License 2.0
SteNicholas,SteNicholas/sofa-rpc,2018-05-08T16:31:36Z,0,0,Java,True,True,Apache License 2.0
yeahx,yeahx/yulong-hids,2018-04-04T11:22:37Z,1,1,Go,True,True,Other
im0qianqian,im0qianqian/zh-google-styleguide,2016-12-04T13:27:29Z,1,1,Makefile,True,False,
eson15,eson15/xm-University-community-management-system,2024-05-11T03:52:16Z,0,0,,True,True,
JaredTan95,JaredTan95/skywalking-nginx-lua-docker,2020-02-28T03:54:59Z,0,0,,True,False,Apache License 2.0
peterzheng98,peterzheng98/SurviveSJTUManual,2020-11-03T08:01:02Z,0,0,,True,True,
ErosZy,ErosZy/zmirror,2019-07-09T09:14:03Z,0,0,Python,True,True,MIT License
hzh0425,hzh0425/zstd,2022-07-29T07:05:41Z,0,0,,True,True,Other
HaojunRen,HaojunRen/zuul-trie-matcher-spring-cloud-starter,2021-04-06T03:50:00Z,0,0,,True,True,Apache License 2.0
ctripcorp,ctripcorp/zeus,2015-02-10T09:20:48Z,55,55,JavaScript,True,True,Apache License 2.0
xiangsx,xiangsx/yacd,2023-10-13T15:07:29Z,0,0,,True,True,MIT License
marywangran,marywangran/yet-annother-synproxy,2017-09-07T02:40:30Z,12,12,C,True,True,
Sitoi,Sitoi/wechat_analysis,2023-02-04T00:19:16Z,14,14,Python,True,True,
langyo,langyo/dbkoda,2020-01-17T18:37:57Z,0,0,JavaScript,True,False,GNU Affero General Public License v3.0
AirGuanZ,AirGuanZ/VulkanLab,2020-03-23T07:51:34Z,0,0,C,True,True,
wxs77577,wxs77577/vue-monaco-esm,2019-03-13T13:07:37Z,4,4,Vue,True,True,
tyshiwo,tyshiwo/tyshiwo.github.io,2018-01-05T11:43:48Z,0,0,HTML,True,True,
netpi,netpi/xiaolai.github.io,2020-04-01T17:20:13Z,0,0,,True,True,
netwarm007,netwarm007/zlib,2017-10-14T05:36:08Z,0,0,C,True,True,
josephzhang23,josephzhang23/whisper-support,2023-07-09T08:20:03Z,0,0,,True,True,
owent,owent/xresloader-protocol,2022-07-21T04:08:45Z,0,0,,True,True,MIT License
austinhuang0131,austinhuang0131/node-ibsearch,2017-12-08T02:07:16Z,1,1,JavaScript,True,True,MIT License
LeetCode-OpenSource,LeetCode-OpenSource/vscode-leetcode,2018-02-11T13:23:36Z,8213,8213,TypeScript,True,True,MIT License
kpzhang93,kpzhang93/SPL,2016-04-06T14:36:28Z,0,0,HTML,True,True,
waderwu,waderwu/wsniffer,2017-11-24T15:59:22Z,2,2,Python,True,True,
tpoisonooo,tpoisonooo/kompute,2022-03-17T09:01:39Z,0,0,,True,True,Apache License 2.0
8enet,8enet/zip-signer,2015-09-07T03:27:58Z,1,1,Java,True,False,
lework,lework/prometheus-adapter,2021-04-02T06:45:18Z,0,0,,True,True,Apache License 2.0
Rhilip,Rhilip/Wikitten,2019-08-22T08:24:28Z,5,5,PHP,True,True,MIT License
ecomfe,ecomfe/edpx-optimg,2014-07-11T01:47:51Z,1,1,JavaScript,True,True,"BSD 2-Clause ""Simplified"" License"
Artoria2e5,Artoria2e5/coreutils-1,2021-03-09T11:46:48Z,0,0,,True,True,MIT License
CeuiLiSA,CeuiLiSA/WhiteFox,2021-03-15T06:31:19Z,1,1,Kotlin,True,True,
LuckyZXL2016,LuckyZXL2016/weiyunpan,2018-09-25T06:48:26Z,0,0,Java,True,True,
Lax,Lax/ZLMediaKit,2021-02-08T03:31:02Z,0,0,,True,True,MIT License
leftthomas,leftthomas/UM,2021-10-09T12:09:02Z,4,4,Python,False,False,
mfanjie,mfanjie/tips,2016-01-18T06:43:05Z,0,0,,True,True,
lealife,lealife/WordPress-iOS,2015-08-21T15:21:05Z,0,0,Objective-C,True,True,GNU General Public License v2.0
hiddenzzh,hiddenzzh/lark,2023-05-17T13:45:45Z,0,0,,True,True,Apache License 2.0
Kyson,Kyson/youtube-dl,2020-11-02T13:40:05Z,0,0,,True,True,Other
wolfogre,wolfogre/zstd-seekable-format-go,2024-08-02T10:16:47Z,0,0,,True,False,MIT License
ichn-hu,ichn-hu/YCSB,2020-03-21T04:36:10Z,0,0,,True,True,Apache License 2.0
hanxiaomax,hanxiaomax/practical-python,2020-06-21T08:49:50Z,1,1,,True,True,Creative Commons Attribution Share Alike 4.0 International
baowenbo,baowenbo/zynqnet,2022-05-17T07:44:07Z,0,0,,True,True,GNU General Public License v3.0
xxjwxc,xxjwxc/xxjwxc.github.io,2019-05-01T09:56:46Z,6,6,HTML,True,True,
SeanLee97,SeanLee97/xmnlp-extend,2018-03-23T02:44:03Z,1,1,,True,True,MIT License
zsummer,zsummer/zsummerX,2013-09-28T11:40:46Z,321,321,C,True,True,Other
wenfangdu,wenfangdu/vite-vue-3,2023-02-25T12:37:55Z,2,2,Vue,True,True,
kittencup,kittencup/zongji,2016-05-13T06:51:33Z,0,0,JavaScript,True,True,Other
apanly,apanly/homebrew,2013-12-16T15:46:29Z,0,0,Ruby,True,True,
lovelyyoshino,lovelyyoshino/zdm,2023-11-11T02:45:55Z,0,0,Java,True,False,
smallpath,smallpath/psnine-patcher,2017-08-08T15:26:23Z,2,2,Java,True,True,Apache License 2.0
smallsnail-wh,smallsnail-wh/workflow-bpmn-modeler,2022-10-30T02:56:12Z,0,0,,True,True,MIT License
KexyBiscuit,KexyBiscuit/winget-pkgs,2023-12-06T19:06:21Z,0,0,,True,True,MIT License
starnightcyber,starnightcyber/ZoomEye,2017-07-17T14:24:36Z,32,32,Python,True,True,
peterjc123,peterjc123/YiBan-Light-API,2016-08-10T04:26:38Z,1,1,C#,True,True,
simonguo,simonguo/waka-box,2020-07-02T11:35:32Z,0,0,JavaScript,True,True,ISC License
liuwons,liuwons/zbot,2018-02-12T02:44:02Z,46,46,Python,True,True,
xubinux,xubinux/xubinux.github.io,2017-02-22T11:56:51Z,3,3,HTML,True,True,
jijiechen,jijiechen/zero-downtime-deployment,2017-11-07T14:37:56Z,0,0,Shell,True,True,
grissomsh,grissomsh/zipkin-service,2017-04-20T07:15:49Z,0,0,Batchfile,True,True,
imClumsyPanda,imClumsyPanda/PDF-Extract-Kit,2024-07-22T03:25:45Z,0,0,,True,True,Apache License 2.0
yechaoa,yechaoa/YUtils,2017-04-02T10:27:16Z,85,85,Kotlin,True,True,Apache License 2.0
clojurians-org,clojurians-org/my-ksql-udf-all,2018-08-10T00:09:31Z,0,0,Clojure,True,True,
hughfenghen,hughfenghen/y-redis,2020-03-01T11:13:42Z,0,0,JavaScript,True,True,MIT License
qddegtya,qddegtya/zao,2017-10-19T08:06:12Z,1,1,JavaScript,True,True,MIT License
x-hw,x-hw/x-hw,2021-03-19T09:25:06Z,0,0,,True,True,
kalcaddle,kalcaddle/static,2017-04-07T03:28:07Z,0,0,,True,True,
laurentkneip,laurentkneip/rbrief,2013-10-06T06:19:54Z,8,8,C++,True,True,"BSD 2-Clause ""Simplified"" License"
u3u,u3u/weex-template,2017-07-07T11:24:58Z,0,0,JavaScript,True,True,
Yuan-ManX,Yuan-ManX/chunity,2023-08-23T09:59:14Z,1,1,,True,True,MIT License
alinxalinx,alinxalinx/Z7_P,2023-02-21T01:16:27Z,0,0,C,True,True,
jzlxiaohei,jzlxiaohei/yuta-test,2016-03-15T05:32:06Z,0,0,JavaScript,True,True,
objcoding,objcoding/zms,2020-06-15T02:48:56Z,2,2,Java,True,True,Apache License 2.0
idootop,idootop/xsta,2023-11-12T07:38:47Z,4,4,TypeScript,True,True,MIT License
yyong119,yyong119/yyong119,2020-08-02T08:34:42Z,0,0,,True,True,
dyng,dyng/YCommentReader,2012-07-05T04:04:14Z,5,5,Python,True,True,
classicemi,classicemi/xDialog,2014-07-31T08:56:00Z,0,0,JavaScript,True,True,
OpenGG,OpenGG/qBittorrent-breach,2017-05-04T10:50:39Z,0,0,JavaScript,True,True,GNU General Public License v3.0
zhausong,zhausong/graph.editor,2015-10-21T08:00:58Z,0,0,JavaScript,True,True,
JosephZhu1983,JosephZhu1983/yamikitchen,2015-06-25T09:20:19Z,0,0,JavaScript,True,True,
Miachol,Miachol/XenaShiny,2019-05-13T12:15:14Z,0,0,JavaScript,True,True,Other
JonyFang,JonyFang/ZIKViper,2021-11-19T03:24:48Z,0,0,,True,True,MIT License
guileen,guileen/odm,2021-10-26T09:54:22Z,0,0,Go,True,True,Other
polyrabbit,polyrabbit/zos-node-accessor,2018-05-24T15:32:30Z,0,0,JavaScript,True,True,Eclipse Public License 1.0
wishstudio,wishstudio/Y86,2012-05-20T03:24:23Z,10,10,C++,True,True,GNU General Public License v3.0
Aleafy,Aleafy/wanghao221,2023-03-15T20:16:50Z,1,1,,True,True,
zhangyoufu,zhangyoufu/zmap,2021-04-12T03:45:19Z,0,0,C,False,False,Apache License 2.0
XiaoMiku01,XiaoMiku01/YuanShen_User_Info,2021-03-29T15:21:24Z,1,1,,True,True,MIT License
TsingZ0,TsingZ0/TsingZ0,2023-12-06T04:01:05Z,3,3,,True,True,
sjtug,sjtug/WeixinBot,2016-07-22T07:05:00Z,3,3,Python,True,True,Apache License 2.0
AlexGeControl,AlexGeControl/WeChat-Mini-Program-00-Weather,2018-07-08T12:24:57Z,0,0,JavaScript,True,True,
zhangxiaoyu-zidif,zhangxiaoyu-zidif/sqlx,2018-05-15T08:51:50Z,0,0,Go,True,True,MIT License
yzhangcs,yzhangcs/zoology,2024-01-26T17:15:17Z,0,0,Python,True,True,Apache License 2.0
Evensgn,Evensgn/zy-ins-salon,2018-01-19T05:39:32Z,6,6,HTML,True,True,
zh99998,zh99998/zh99998.github.io,2014-07-02T08:02:06Z,0,0,,True,True,
ChinaQMTECH,ChinaQMTECH/ZYNQ_BAJIE_BOARD,2020-04-13T13:23:19Z,19,19,C,True,True,
Morizeyao,Morizeyao/Unilm,2020-08-07T09:35:37Z,1,1,Python,True,True,
Penglai-Enclave,Penglai-Enclave/Tensorflow-lite-Demo,2021-10-25T13:31:29Z,4,4,C++,True,True,Apache License 2.0
voldikss,voldikss/voldikss.github.io,2023-03-19T08:03:39Z,0,0,HTML,False,False,
YanagiEiichi,YanagiEiichi/_redirect,2022-04-28T03:53:54Z,0,0,HTML,True,True,
Tai-Wang,Tai-Wang/waymo-open-dataset,2020-09-21T09:42:35Z,0,0,,True,True,Apache License 2.0
Galaxies99,Galaxies99/VST-Tutorial,2020-02-23T03:25:39Z,1,1,Coq,True,True,MIT License
DequanWang,DequanWang/weightnet.pytorch,2021-02-17T23:05:33Z,18,18,Python,True,True,Apache License 2.0
lxyu,lxyu/weibo_spy,2012-11-16T19:18:36Z,2,2,Python,True,True,ISC License
KengoTODA,KengoTODA/guava,2015-07-13T06:44:42Z,0,0,Java,True,True,Apache License 2.0
robopeak,robopeak/WRTnode-PCB,2014-12-19T03:56:04Z,1,1,,True,True,
AngelMonica126,AngelMonica126/GraphicAlgorithm,2020-06-12T12:55:47Z,1442,1442,C++,True,True,MIT License
nnhy,nnhy/SyncTrayzor,2024-10-27T10:52:50Z,1,1,,True,True,MIT License
zhuweiyou,zhuweiyou/zhuweiyou,2020-07-21T07:58:45Z,0,0,,True,True,
WalterInSH,WalterInSH/walterinsh.github.io,2014-01-21T11:00:45Z,1,1,CSS,True,True,
ddadaal,ddadaal/yaarxiv-backend-benchmark,2020-09-26T12:49:35Z,1,1,C#,True,True,MIT License
wzmsltw,wzmsltw/wzmsltw.github.io,2017-07-10T12:20:54Z,1,1,HTML,True,True,Other
Moosphan,Moosphan/tuya-ui-bizbundle-android-config-values,2021-05-12T01:32:16Z,0,0,,True,True,MIT License
Yggdroot,Yggdroot/Yoyo-leaf,2020-06-26T01:27:07Z,53,53,C++,True,True,Apache License 2.0
xyjigsaw,xyjigsaw/xyjigsaw,2022-04-01T11:46:30Z,1,1,,True,True,
haifengat,haifengat/xml_tick_pg,2020-07-14T13:03:34Z,0,0,Python,True,True,Apache License 2.0
sijichun,sijichun/ZhiHuAnswer,2021-01-22T14:18:19Z,3,3,Jupyter Notebook,True,True,
KevinWang15,KevinWang15/vue-cordova-webpack,2017-10-13T11:36:47Z,0,0,JavaScript,True,True,
wdlhao,wdlhao/xiaoai-admin-react18-antd-typescript,2022-10-17T10:23:54Z,0,0,TypeScript,True,True,
yaocccc,yaocccc/zsh_,2020-04-12T06:27:06Z,2,2,Shell,True,True,
JinHai-CN,JinHai-CN/xnoisepage,2021-01-28T14:15:19Z,0,0,C++,True,True,MIT License
TencentYouTu,TencentYouTu/python_sdk,2015-06-10T11:22:23Z,65,65,Python,True,True,MIT License
EBWi11,EBWi11/XSS-Filter-Evasion-Cheat-Sheet-CN,2017-09-14T13:43:52Z,0,0,,True,True,
599316527,599316527/wav-form,2019-06-04T12:25:06Z,0,0,JavaScript,True,True,
kennymckormick,kennymckormick/XVERSE-V-13B,2024-04-29T10:43:49Z,0,0,,True,False,Apache License 2.0
adrian-wang,adrian-wang/zeppelin,2018-05-27T15:13:10Z,0,0,Java,True,False,Apache License 2.0
gonnavis,gonnavis/CEPS,2021-09-27T12:19:37Z,0,0,,True,True,MIT License
hantmac,hantmac/dotfiles,2021-09-18T03:19:56Z,0,0,,True,True,
bcmi,bcmi/Video-Harmonization-Dataset-HYouTube,2021-09-14T11:58:27Z,59,59,Python,True,True,
vision4robotics,vision4robotics/vision4robotics.github.io,2019-06-22T14:48:13Z,10,10,HTML,True,True,
LiMeii,LiMeii/webpack4-practice,2019-08-20T10:23:02Z,4,4,JavaScript,True,True,
sjlleo,sjlleo/VerifyDisneyPlus,2021-04-11T12:13:43Z,124,124,Go,True,True,GNU General Public License v3.0
ssthouse,ssthouse/WordOperate,2015-08-29T02:31:55Z,2,2,Java,True,True,
zslomo,zslomo/yolo2-pytorch,2018-01-30T16:30:55Z,0,0,Python,True,True,
bonfy,bonfy/pylang,2021-07-06T07:54:37Z,0,0,Python,True,True,
Kaijun,Kaijun/zimuzu-auto-sign-heroku,2016-01-12T21:24:33Z,11,11,JavaScript,True,True,
realJustinLee,realJustinLee/yuzu-will-live,2024-03-05T04:20:02Z,0,0,,True,True,GNU General Public License v3.0
oikomi,oikomi/witness,2015-08-11T09:04:37Z,0,0,C,True,True,Apache License 2.0
iChenLei,iChenLei/zh.mobx.js.org,2021-02-25T15:25:30Z,0,0,HTML,True,True,MIT License
Stay,Stay/VolleyExtends,2015-07-31T04:28:43Z,1,1,Java,True,True,MIT License
simonsmh,simonsmh/yolact,2021-05-11T09:55:29Z,0,0,Python,True,True,MIT License
Paper-Pen,Paper-Pen/Web-Security-Learning,2020-01-10T14:43:35Z,0,0,,True,True,
XinJingHao,XinJingHao/xinjinghao.github.io,2024-07-11T03:39:12Z,0,0,HTML,True,True,Apache License 2.0
liluo,liluo/todc-bs-sass,2014-05-03T05:42:51Z,1,1,Ruby,True,True,MIT License
nimengbo,nimengbo/WeChatLuckyMoney,2015-12-05T02:52:31Z,0,0,Java,True,False,
mckelvin,mckelvin/zjutthesis,2016-03-06T03:07:09Z,0,0,TeX,True,True,
lightory,lightory/UIScrollView-Direction,2013-11-09T14:34:04Z,11,11,Objective-C,True,True,MIT License
1357310795,1357310795/XAML-UI-Docs,2023-06-18T15:05:07Z,13,13,,True,False,
MisakiKata,MisakiKata/zeru,2020-07-02T07:42:30Z,10,10,JavaScript,True,True,
ingra14m,ingra14m/Yolo-pytorch-frompaper,2022-04-19T06:42:29Z,0,0,Python,True,True,MIT License
js-newbee,js-newbee/taro-yanxuan,2019-02-01T03:12:04Z,2653,2653,JavaScript,True,True,MIT License
gumblex,gumblex/zxcvbn-c,2018-02-10T16:36:51Z,0,0,C,True,True,MIT License
tonysy,tonysy/YOLOX,2021-07-28T03:32:02Z,0,0,Python,True,True,Apache License 2.0
jin10086,jin10086/pre-angel.com,2019-12-01T14:27:49Z,0,0,,True,True,Apache License 2.0
caohuilin,caohuilin/three.js,2017-11-17T02:44:28Z,0,0,JavaScript,True,True,MIT License
caiyue1993,caiyue1993/yiyiwang,2022-05-20T06:18:56Z,0,0,HTML,True,True,
Lchiffon,Lchiffon/xaringan,2017-01-12T01:25:38Z,0,0,R,True,True,Other
hbb1,hbb1/torchkbnufft,2022-03-17T06:06:51Z,0,0,,True,False,MIT License
jxlwqq,jxlwqq/laravel-wechat,2020-09-11T01:14:12Z,0,0,,True,True,MIT License
penguin-wwy,penguin-wwy/zhihu-spider,2016-04-25T04:45:41Z,0,0,Python,True,True,MIT License
b1gtang,b1gtang/wooyun-drops-all-articles-package,2017-07-18T02:09:40Z,0,0,,True,True,
jameslz,jameslz/wfes,2017-09-14T15:14:23Z,0,0,C,True,True,
Zero-Tang,Zero-Tang/windows-drivers-rs,2024-10-08T14:04:46Z,0,0,Rust,True,True,Apache License 2.0
danping,danping/uav_contest,2017-08-22T02:46:01Z,5,5,C++,True,True,GNU General Public License v3.0
bolasblack,bolasblack/hubot-uptimerobot,2015-01-16T03:55:28Z,0,0,CoffeeScript,True,True,
doubledaibo,doubledaibo/Web,2014-08-14T03:21:39Z,1,1,Java,True,True,
zjffdu,zjffdu/spark_conda_examples,2021-03-24T07:33:59Z,0,0,,True,True,Apache License 2.0
yiranran,yiranran/yiranran.github.io,2019-08-25T07:02:40Z,0,0,HTML,True,True,
liaojinxing,liaojinxing/xpathchecker,2015-04-01T09:16:32Z,1,1,JavaScript,True,False,
monadbobo,monadbobo/zig,2024-03-15T06:56:49Z,0,0,,True,True,MIT License
hegaojian,hegaojian/XXPermissions,2024-03-08T05:57:50Z,0,0,,True,True,Apache License 2.0
Knight-ZXW,Knight-ZXW/zheng,2017-11-07T06:46:10Z,0,0,Java,True,True,MIT License
heanxu,heanxu/vscode-js-console-utils,2019-12-09T03:37:28Z,1,1,JavaScript,True,True,MIT License
furybean,furybean/xlxs-demo,2017-07-13T10:37:54Z,0,0,JavaScript,True,True,MIT License
ShannonChenCHN,ShannonChenCHN/YHListKit,2018-01-08T07:14:24Z,90,90,Objective-C,True,True,MIT License
jjeffcaii,jjeffcaii/zoo,2022-09-23T09:35:06Z,1,1,,True,True,Apache License 2.0
xfguo,xfguo/zscale,2016-05-20T11:40:27Z,0,0,C,True,True,Other
ainilili,ainilili/swagger-core,2018-12-10T05:59:51Z,0,0,Java,True,True,Other
KevinOfNeu,KevinOfNeu/xReddit,2016-05-27T06:31:04Z,82,82,JavaScript,True,True,MIT License
leftstick,leftstick/MSDKPlugin,2013-10-10T07:43:27Z,0,0,Java,True,True,
TencentYoutuResearch,TencentYoutuResearch/VPLOW_CLEAR22,2022-08-02T06:40:12Z,5,5,Python,True,True,Other
JeffMony,JeffMony/zxing,2020-03-27T03:37:08Z,0,0,,True,True,Apache License 2.0
water8394,water8394/spring-boot-quick,2019-10-21T12:02:31Z,5,5,,True,True,
turkyden,turkyden/r3-work,2021-03-18T11:07:32Z,0,0,TypeScript,True,True,
bloodycoder,bloodycoder/Spoon-Knife,2014-06-01T05:47:58Z,0,0,CSS,True,True,
Hengle,Hengle/3D_AOI,2020-04-23T13:48:47Z,0,0,,True,True,
qitianwu,qitianwu/SteinBridging,2020-02-20T14:53:35Z,4,4,Python,True,True,
wangyum,wangyum/word2vec,2015-09-15T03:22:47Z,0,0,C,True,False,Apache License 2.0
chunhuajiang,chunhuajiang/zephyrproject.cn.comments,2017-08-01T09:22:32Z,0,0,,True,True,
wzshiming,wzshiming/getch,2019-05-26T06:35:33Z,2,2,Go,True,True,MIT License
sticnarf,sticnarf/slog-bench,2021-08-25T17:16:29Z,0,0,Rust,True,True,
dujiajun,dujiajun/TimetableView,2022-02-15T03:31:49Z,0,0,,True,True,MIT License
Ashinch,Ashinch/vct-cn-calendar-subscription,2024-03-18T03:47:24Z,2,2,JavaScript,False,False,GNU General Public License v3.0
jcf94,jcf94/vizgraph,2018-01-15T13:09:31Z,59,59,JavaScript,True,True,
HoshinoTouko,HoshinoTouko/zxc-fyi,2023-06-27T17:44:45Z,1,1,HTML,True,True,MIT License
dingxiaowei,dingxiaowei/FastBugly,2022-09-21T14:08:57Z,1,1,,True,True,MIT License
undoZen,undoZen/immer-rxjs,2020-03-24T08:39:48Z,1,1,TypeScript,True,True,MIT License
EspressifSystems,EspressifSystems/low_power_voltage_measurement,2015-03-10T13:30:59Z,96,96,Assembly,True,True,
ningyu1,ningyu1/xxl-job,2017-09-05T10:04:14Z,1,1,Java,True,True,GNU General Public License v3.0
xujinyang,xujinyang/QQChatBg,2014-09-14T08:11:12Z,0,0,,True,True,Apache License 2.0
j5s,j5s/Awesome-WAF,2019-06-19T13:38:33Z,0,0,Python,True,False,Apache License 2.0
xyczero,xyczero/tinker,2019-09-16T08:57:09Z,0,0,,True,True,Other
GToad,GToad/WechatSpellbook,2018-06-19T03:45:38Z,0,0,Kotlin,True,True,GNU General Public License v3.0
longbai,longbai/LDNetDiagnoService_IOS,2015-11-14T07:06:45Z,1,1,Objective-C,True,True,MIT License
MLEveryday,MLEveryday/practicalAI-cn,2018-12-11T09:40:16Z,3278,3278,Jupyter Notebook,True,True,MIT License
lxneng,lxneng/xpinyin,2010-05-20T13:28:54Z,823,823,Python,True,True,
LeoQ7,LeoQ7/ShanghaiTech-eams-beautifier,2017-08-20T15:14:23Z,0,0,JavaScript,True,True,
DeqianBai,DeqianBai/zju-icicles,2018-08-27T13:34:51Z,0,0,HTML,True,True,
hutusi,hutusi/youyong.io,2019-07-02T14:34:34Z,1,1,HTML,True,True,MIT License
haoxianrui,haoxianrui/youlai-labs-web,2023-05-13T05:38:09Z,0,0,Vue,True,True,MIT License
yejianye,yejianye/yejianye.github.io,2015-10-20T12:01:35Z,0,0,CSS,True,True,MIT License
Chaphlagical,Chaphlagical/Worm,2019-04-05T12:48:33Z,4,4,Python,True,True,
liyishuai,liyishuai/TagMo,2021-06-27T19:56:33Z,0,0,,True,True,
tatsuya6502,tatsuya6502/zulip,2022-09-02T14:07:08Z,0,0,Python,True,False,Apache License 2.0
OceanPang,OceanPang/tao,2020-10-22T10:11:19Z,1,1,Python,True,True,Other
DiamondYuan,DiamondYuan/wtu-demos,2023-12-04T05:50:27Z,0,0,JavaScript,True,True,
wgtdkp,wgtdkp/yscheme,2018-09-21T12:40:46Z,0,0,Scheme,True,True,
CDog34,CDog34/wechat-setu-bot,2021-12-23T09:47:31Z,0,0,Go,True,True,MIT License
SevenOutman,SevenOutman/stylelint-less,2023-07-25T09:49:37Z,0,0,,True,False,
ZhikangNiu,ZhikangNiu/ZhikangNiu.github.io,2023-10-07T12:19:13Z,0,0,HTML,True,True,
MxABC,MxABC/ZBarSDK,2020-07-17T02:39:46Z,1,1,C,True,True,GNU Lesser General Public License v2.1
reitowo,reitowo/Zygisk-Il2CppDumper,2023-02-15T07:00:33Z,0,0,,True,True,MIT License
yingl,yingl/yingl.github.com,2014-05-04T03:10:46Z,1,1,HTML,True,True,
cnlinxi,cnlinxi/wikiextractor,2018-11-04T09:38:05Z,0,0,Python,True,True,GNU General Public License v3.0
noahcao,noahcao/Voice-Chinese-Poker,2018-06-03T04:37:18Z,1,1,JavaScript,True,True,
xalanq,xalanq/xalanq.github.io,2022-02-12T10:34:02Z,0,0,HTML,True,True,
dsdshcym,dsdshcym/Y86-Pipe-Simulator,2015-05-27T11:35:34Z,0,0,Python,True,True,MIT License
huxq17,huxq17/xUtils,2015-06-08T14:12:13Z,0,0,Java,True,True,
Hzzone,Hzzone/torch_clustering,2022-10-19T08:23:19Z,40,40,Python,True,True,MIT License
TJ-CSCCG,TJ-CSCCG/tongji-visual,2023-06-07T06:16:12Z,13,13,PostScript,True,True,
CyrusF,CyrusF/zapgorm2,2024-05-27T13:46:24Z,0,0,Go,True,True,Other
dushibaiyu,dushibaiyu/zxing-cpp,2015-05-26T02:39:27Z,1,1,C++,True,True,Apache License 2.0
Yang-Xijie,Yang-Xijie/yang-xijie.github.io,2020-11-02T17:21:26Z,135,135,,False,False,Creative Commons Attribution 4.0 International
wenerme,wenerme/jsonrpc4j,2015-05-22T02:50:54Z,0,0,Java,True,True,MIT License
lyfeyaj,lyfeyaj/security-guide-for-developers,2016-10-12T03:56:22Z,0,0,,True,True,
jessetalk,jessetalk/specification,2021-12-25T06:40:24Z,0,0,,True,False,Apache License 2.0
jckling,jckling/writing-javascript-actions,2022-04-01T04:52:44Z,0,0,,False,False,MIT License
Aaaaaaron,Aaaaaaron/tpch,2018-10-17T10:08:28Z,1,1,Roff,True,True,
yumi0629,yumi0629/yumi0629.github.io,2020-03-13T08:59:21Z,0,0,JavaScript,True,True,
lmmsoft,lmmsoft/wiki,2021-11-15T04:56:16Z,2,2,,True,True,
macdao,macdao/unit-test-practices,2012-01-07T08:28:46Z,1,1,Java,True,True,
ChenBohan,ChenBohan/Udaicty-CarND-State-Estimation-02-Lidar-and-Radar-Fusion-with-EKF,2018-07-20T03:11:31Z,29,29,C++,True,True,
dong77,dong77/Taiko-Preconf-AVS,2024-10-04T08:48:33Z,0,0,,True,True,
wangrui460,wangrui460/ZYCornerRadius,2018-07-11T07:43:01Z,0,0,Objective-C,True,True,
youjin255,youjin255/werkzeug,2016-12-04T05:47:04Z,0,0,Python,True,False,Other
pwxcoo,pwxcoo/vimrc,2018-10-30T03:07:31Z,1,1,Vim script,True,True,
seognil,seognil/webpack-playground,2020-04-07T07:29:46Z,16,16,TypeScript,True,True,
Aneureka,Aneureka/xv6-riscv,2022-06-15T15:27:36Z,4,4,C,True,True,Other
fyuanfen,fyuanfen/wordcloud,2016-07-21T11:03:41Z,123,123,Python,True,True,
dianping,dianping/YCSB,2013-08-09T04:05:28Z,1,1,Java,True,True,Other
Ahoo-Wang,Ahoo-Wang/ZooKeeper-Admin,2017-05-17T09:06:05Z,45,45,C#,True,True,
dozer47528,dozer47528/zhihu-block-chrome-extension,2016-08-18T10:44:16Z,9,9,JavaScript,True,True,
liaogx,liaogx/simpleui,2019-12-27T07:41:19Z,1,1,,True,True,MIT License
Singosgu,Singosgu/testBom,2023-05-19T12:56:10Z,0,0,Python,True,True,MIT License
fudan-zvg,fudan-zvg/WoVoGen,2023-09-21T03:14:08Z,78,78,Python,True,True,Apache License 2.0
joyoyao,joyoyao/mpush,2016-08-29T08:00:59Z,0,0,Java,True,True,Apache License 2.0
qianjiachun,qianjiachun/vue3-tampermonkey-vite,2022-03-02T08:57:39Z,30,30,JavaScript,True,True,MIT License
kesalin,kesalin/TideWatch,2013-07-14T08:54:29Z,0,0,C++,True,True,
PanQiWei,PanQiWei/transformers,2020-03-24T00:56:07Z,0,0,Python,True,True,Apache License 2.0
eragonruan,eragonruan/text-detection-ctpn,2017-09-20T02:52:27Z,3430,3430,Python,True,True,MIT License
elrrrrrrr,elrrrrrrr/zen,2014-12-24T11:29:42Z,0,0,JavaScript,True,True,MIT License
KSkun,KSkun/tqb-data-generator,2021-02-25T03:59:53Z,0,0,Go,True,True,GNU General Public License v3.0
chaoma99,chaoma99/tir-tracker,2016-01-16T08:45:34Z,4,4,Matlab,True,True,
coderZsq,coderZsq/coderZsq.project.ios,2016-05-20T05:16:38Z,400,400,Objective-C,True,True,MIT License
njcx,njcx/FeelUOwn,2017-12-10T03:11:37Z,0,0,Python,True,True,GNU General Public License v3.0
zehuichen123,zehuichen123/zehuichen123.github.io,2022-06-03T05:36:26Z,0,0,HTML,True,True,
lwch,lwch/yaml,2021-10-09T03:46:12Z,0,0,Go,True,True,MIT License
UxxHans,UxxHans/Rainbow_Cats_Universal_FPS_Aimbot_Experiment_Only,2021-11-30T06:48:40Z,10,10,Python,True,True,MIT License
nanshihui,nanshihui/xssfuzz,2016-04-25T11:59:51Z,1,1,Python,True,True,
sunoj,sunoj/yeepay,2015-08-07T03:36:45Z,0,0,JavaScript,True,True,
taojy123,taojy123/package_control_channel,2019-11-05T08:05:21Z,0,0,Python,True,True,
jimmykuu,jimmykuu/zrender,2015-01-26T09:53:30Z,0,0,JavaScript,True,True,"BSD 3-Clause ""New"" or ""Revised"" License"
BestDingSheng,BestDingSheng/zodash,2021-04-03T11:15:42Z,1,1,,True,True,MIT License
6boris,6boris/Woobuntu,2017-05-25T13:29:47Z,0,0,Shell,True,True,GNU General Public License v3.0
zcong1993,zcong1993/grpc-etcd-resolver,2021-03-19T08:01:07Z,0,0,TypeScript,True,True,MIT License
elliotxx,elliotxx/xmi2pl,2017-10-23T10:14:38Z,0,0,Python,True,True,GNU General Public License v2.0
xiaoronglv,xiaoronglv/zendesk_apps_tools,2021-02-22T13:35:23Z,0,0,Ruby,True,True,Apache License 2.0
mahavivo,mahavivo/zen-blog,2019-04-23T14:21:49Z,1,1,Smarty,True,True,
observerss,observerss/yamo,2015-07-17T07:35:42Z,2,2,Python,True,True,MIT License
pibigstar,pibigstar/yueyu,2018-06-19T10:22:12Z,2,2,Java,True,True,
DFRobot,DFRobot/DFRobot_DS323X,2021-05-14T05:17:48Z,0,0,Python,True,True,MIT License
cs1ime,cs1ime/Zygisk-Il2CppDumper,2023-03-25T04:02:44Z,0,0,,True,True,MIT License
Fazziekey,Fazziekey/xTrimoMultimer,2022-08-23T05:09:10Z,0,0,,True,True,Apache License 2.0
jumper2014,jumper2014/xmind2excel,2019-07-15T15:46:17Z,0,0,Java,True,True,
Andy1621,Andy1621/zhihu,2019-03-30T12:09:56Z,0,0,Jupyter Notebook,True,True,
iofu728,iofu728/zsh.sh,2019-04-30T13:22:24Z,63,63,Shell,True,True,MIT License
zhpanvip,zhpanvip/zhpanvip.github.io,2020-08-28T02:48:46Z,0,0,HTML,True,True,
lz1998,lz1998/Spring-CQ,2019-09-14T08:45:34Z,188,188,Java,True,True,
Anticorianderist,Anticorianderist/writer,2023-08-06T16:40:16Z,6,6,,True,True,
wzxha,wzxha/Zip,2017-09-14T09:05:13Z,0,0,Swift,True,True,MIT License
sec-an,sec-an/xiaoai-skill,2023-01-11T10:14:53Z,0,0,Python,True,True,GNU General Public License v3.0
RevySR,RevySR/pysonar2,2019-01-19T11:43:55Z,0,0,Java,True,True,Apache License 2.0
adohe-zz,adohe-zz/uvbook,2014-07-27T12:50:34Z,0,0,C,True,False,
chenxuan0000,chenxuan0000/webpack-in-action,2018-01-07T14:51:27Z,0,0,,True,True,
zhiqiangxu,zhiqiangxu/hello_arb,2024-08-04T07:01:18Z,0,0,Go,True,True,
osgochina,osgochina/xgb,2022-02-15T08:37:45Z,0,0,,True,True,Other
geekwolf,geekwolf/saltweb,2014-07-24T05:09:01Z,1,1,,True,True,
jasonGeng88,jasonGeng88/zkui,2017-03-09T03:59:54Z,0,0,Java,True,True,
Maxwin-z,Maxwin-z/xsmth-newsmth,2014-03-16T02:53:09Z,113,113,Objective-C,True,True,
yongluo2013,yongluo2013/yongluo2013.github.io,2014-06-18T06:48:28Z,10,10,CSS,True,True,
liguobao,liguobao/haipproxy,2019-07-06T12:42:20Z,0,0,Python,True,True,MIT License
IFmiss,IFmiss/wx-cropper,2017-09-24T08:13:32Z,341,341,JavaScript,True,True,MIT License
OysterQAQ,OysterQAQ/zfile-vue,2021-09-07T08:28:22Z,0,0,,True,True,
childrentime,childrentime/web-ssh,2022-02-25T05:23:09Z,2,2,TypeScript,True,True,
Lancern,Lancern/zig-brainfuck,2024-02-08T07:40:19Z,3,3,Zig,True,False,MIT License
sillykelvin,sillykelvin/xwall,2013-02-02T08:42:41Z,6,6,Java,True,True,
HillZhang1999,HillZhang1999/UD_English-ESL,2022-05-08T08:52:46Z,0,0,,True,True,Creative Commons Attribution Share Alike 4.0 International
wolf96,wolf96/wolf96.github.io,2018-09-02T12:27:22Z,0,0,HTML,True,True,
tashaxing,tashaxing/XStreaming,2024-09-16T07:37:22Z,0,0,,True,True,MIT License
worldzhao,worldzhao/worldzhao.github.io,2017-03-15T11:08:42Z,4,4,HTML,True,True,
chenkkkk,chenkkkk/WebServer,2019-05-21T11:22:45Z,0,0,C++,True,True,MIT License
felixhao,felixhao/vimrc,2019-05-28T11:01:36Z,2,2,Vim script,True,True,
liangxiegame,liangxiegame/UnityFrameworkDesign,2020-03-02T11:06:10Z,0,0,,True,True,
soarqin,soarqin/sdlpal_external,2019-11-22T15:54:12Z,1,1,,True,True,
comzyh,comzyh/yacd,2018-12-24T15:32:39Z,0,0,JavaScript,True,True,
Bywalks,Bywalks/WeblogicScan,2019-12-26T01:59:31Z,9,9,Python,True,True,
xdd666t,xdd666t/TaoLibrary,2021-05-29T11:34:20Z,5,5,Java,True,True,MIT License
wegamekinglc,wegamekinglc/FinancePy,2020-09-30T17:42:02Z,1,1,,True,True,GNU General Public License v3.0
miclle,miclle/wttr.in,2016-02-20T15:05:09Z,0,0,Shell,True,True,Apache License 2.0
ultmaster,ultmaster/x0-interpreter,2019-02-28T07:44:44Z,2,2,Java,True,True,
shyoshyo,shyoshyo/web-sharelatex,2019-03-22T08:18:16Z,1,1,JavaScript,True,True,
YesianRohn,YesianRohn/YesianRohn.github.io,2023-06-08T12:22:43Z,2,2,HTML,True,True,
waynebaby,waynebaby/XamlBehaviorsWpf,2020-08-13T08:08:43Z,0,0,,True,True,MIT License
xw-hu,xw-hu/xw-hu.github.io,2023-07-28T02:27:03Z,0,0,JavaScript,True,True,MIT License
EthanDeng,EthanDeng/vscode-latex,2019-02-01T05:25:58Z,198,198,TeX,True,True,LaTeX Project Public License v1.3c
eshengsky,eshengsky/vue-filterbar,2020-06-30T03:45:12Z,0,0,,True,True,MIT License
qiu8310,qiu8310/text-free,2014-11-01T13:08:51Z,0,0,JavaScript,True,True,MIT License
lygztq,lygztq/xv6-labs-2020,2021-01-22T02:08:42Z,0,0,C,True,True,Other
Misaka13514,Misaka13514/youtube-dl,2020-10-26T12:43:56Z,0,0,,True,False,The Unlicense
vincentpanqi,vincentpanqi/awesome-bigdata,2018-01-31T04:42:00Z,0,0,,True,True,MIT License
forehalo,forehalo/Restfar,2016-06-02T13:44:31Z,11,11,C#,True,True,
harryhare,harryhare/zuobiao_me_data_analysis,2018-05-20T11:00:59Z,1,1,Python,True,True,
XiaoTaoWang,XiaoTaoWang/Valentine-gift,2018-02-13T12:05:34Z,0,0,Jupyter Notebook,True,True,
WilberTian,WilberTian/vue-lazyload,2018-10-30T13:49:07Z,0,0,JavaScript,True,True,MIT License
hitokoto-osc,hitokoto-osc/vue-sticky,2020-09-01T06:38:45Z,0,0,,True,True,MIT License
rk2900,rk2900/weibo_bigdata,2013-07-27T05:44:01Z,0,0,Java,True,True,
JavaNoober,JavaNoober/zwonb,2020-11-12T08:40:21Z,0,0,,True,True,
bootsrc,bootsrc/svctracer,2019-04-03T06:21:17Z,8,8,Java,True,True,Apache License 2.0
black-binary,black-binary/z3.rs,2021-04-27T14:47:58Z,0,0,Rust,True,True,
StevenLiuWen,StevenLiuWen/webdataset-lightning,2023-02-14T07:02:29Z,0,0,,True,True,
jimexist,jimexist/image-tag-male-or-female,2017-11-09T13:03:32Z,0,0,JavaScript,True,True,MIT License
tabokie,tabokie/Yin-and-Yang-Theme,2022-07-14T11:45:26Z,0,0,,True,True,Mozilla Public License 2.0
rudeigerc,rudeigerc/pybind-pdm-demo,2023-12-16T14:37:40Z,0,0,Python,True,True,"BSD 3-Clause ""New"" or ""Revised"" License"
klboke,klboke/xxl-job,2017-11-27T10:02:20Z,0,0,Java,True,True,GNU General Public License v3.0
eleme,eleme/UETool,2018-05-16T08:13:17Z,3258,3258,Java,True,True,MIT License
QipengGuo,QipengGuo/ucore_lab,2014-09-23T05:17:44Z,2,2,,True,True,GNU General Public License v2.0
CraryPrimitiveMan,CraryPrimitiveMan/yii2-resque,2015-07-04T14:09:16Z,0,0,,True,True,"BSD 2-Clause ""Simplified"" License"
skygragon,skygragon/video-boy,2015-11-14T16:33:58Z,0,0,JavaScript,True,True,MIT License
zw76859420,zw76859420/sentencepiece,2021-12-28T03:44:16Z,0,0,,True,False,Apache License 2.0
windoze,windoze/hexagen,2015-11-01T04:42:11Z,0,0,C++,True,True,MIT License
nighca,nighca/zrender,2015-12-31T08:02:35Z,0,0,JavaScript,True,True,"BSD 3-Clause ""New"" or ""Revised"" License"
HiWong,HiWong/android-ndk,2016-03-24T02:35:26Z,0,0,C++,True,True,Apache License 2.0
EricGao888,EricGao888/zookeeper,2022-12-19T15:10:48Z,0,0,,True,False,Apache License 2.0
